1	Aｶｯﾌﾟ	Ａｃｕｐ	2017/3/11 22:00	
2	Ａカップ	Ａｃｕｐ	2017/3/11 22:00	
3	微乳	チッパイ	2017/3/11 22:00	
4	貧乳	チッパイ	2017/3/11 22:00	
5	爆乳	超乳	2017/3/11 22:00	
6	巨乳	ボイン	2017/3/11 22:00	
7	Ｂカップ	Ｂｃｕｐ	2017/3/11 22:00	
8	Bｶｯﾌﾟ	Ｂｃｕｐ	2017/3/11 22:00	
9	Ｃカップ	Ｃｃｕｐ	2017/3/11 22:00	
10	Cｶｯﾌﾟ	Ｃｃｕｐ	2017/3/11 22:00	
11	Ｄカップ	Ｄｃｕｐ	2017/3/11 22:00	
12	Dｶｯﾌﾟ	Ｄｃｕｐ	2017/3/11 22:00	
13	Ｅカップ	Ｅｃｕｐ	2017/3/11 22:00	
14	Eｶｯﾌﾟ	Ｅｃｕｐ	2017/3/11 22:00	
15	Ｆカップ	Ｆｃｕｐ	2017/3/11 22:00	
16	Fｶｯﾌﾟ	Ｆｃｕｐ	2017/3/11 22:00	
17	Ｇカップ	Ｇｃｕｐ	2017/3/11 22:00	
18	Gｶｯﾌﾟ	Ｇｃｕｐ	2017/3/11 22:00	
19	Ｈカップ	Ｈｃｕｐ	2017/3/11 22:00	
20	Hｶｯﾌﾟ	Ｈｃｕｐ	2017/3/11 22:00	
21	Ｉカップ	Ｉｃｕｐ	2017/3/11 22:00	
22	Iｶｯﾌﾟ	Ｉｃｕｐ	2017/3/11 22:00	
23	Ｊカップ	Ｊｃｕｐ	2017/3/11 22:00	
24	Jｶｯﾌﾟ	Ｊｃｕｐ	2017/3/11 22:00	
25	Ｋカップ	Ｋｃｕｐ	2017/3/11 22:00	
26	Kｶｯﾌﾟ	Ｋｃｕｐ	2017/3/11 22:00	
27	Ｌカップ	Ｌｃｕｐ	2017/3/11 22:00	
28	Lｶｯﾌﾟ	Ｌｃｕｐ	2017/3/11 22:00	
29	Ｍカップ	Ｍｃｕｐ	2017/3/11 22:00	
30	Mｶｯﾌﾟ	Ｍｃｕｐ	2017/3/11 22:00	
31	Ｎカップ	Ｎｃｕｐ	2017/3/11 22:00	
32	Nｶｯﾌﾟ	Ｎｃｕｐ	2017/3/11 22:00	
33	Ｏカップ	Ｏｃｕｐ	2017/3/11 22:00	
34	Oｶｯﾌﾟ	Ｏｃｕｐ	2017/3/11 22:00	
35	Ｐカップ	Ｐｃｕｐ	2017/3/11 22:00	
36	Pｶｯﾌﾟ	Ｐｃｕｐ	2017/3/11 22:00	
37	おっぱい	バスト	2017/3/11 22:00	
38	オッパイ	バスト	2017/3/11 22:00	
39	ｵｯﾊﾟｲ	バスト	2017/3/11 22:00	
40	乳房	バスト	2017/3/11 22:00	
41	パイオツ	バスト	2017/3/11 22:00	
42	ﾊﾟｲｵﾂ	バスト	2017/3/11 22:00	
43	乳首	チクビ	2017/3/11 22:00	
44	胸射	パイ射	2017/3/11 22:00	
45	激カワ	超カワ	2017/3/11 22:00	
46	激かわ	超カワ	2017/3/11 22:00	
47	激ｶﾜ	超カワ	2017/3/11 22:00	
48	女捜査官	女エージェント	2017/3/11 22:00	
49	お嬢様	令嬢	2017/3/11 22:00	
50	ＣＡ	スチュワーデス	2017/3/11 22:00	
51	スッチー	スチュワーデス	2017/3/11 22:00	
52	キャビンアテンダント	スチュワーデス	2017/3/11 22:00	
53	CA	スチュワーデス	2017/3/11 22:00	
54	ｽｯﾁー	スチュワーデス	2017/3/11 22:00	
55	ｷｬﾋﾞﾝｱﾃﾝﾀﾞﾝﾄ	スチュワーデス	2017/3/11 22:00	
56	ギャル	ＧＡＬ	2017/3/11 22:00	
57	医者	ドクター	2017/3/11 22:00	
58	医師	ドクター	2017/3/11 22:00	
59	女医	ドクター	2017/3/11 22:00	
60	風俗嬢	泡姫	2017/3/11 22:00	
61	デリヘル	風俗	2017/3/11 22:00	
62	ソープ	風俗	2017/3/11 22:00	
63	ピンサロ	風俗	2017/3/11 22:00	
64	ヘルス	風俗	2017/3/11 22:00	
65	ﾃﾞﾘﾍﾙ	風俗	2017/3/11 22:00	
66	ｿｰﾌﾟ	風俗	2017/3/11 22:00	
67	ﾋﾟﾝｻﾛ	風俗	2017/3/11 22:00	
68	ﾍﾙｽ	風俗	2017/3/11 22:00	
69	キャバ嬢	ホステス	2017/3/11 22:00	
70	ｷｬﾊﾞ嬢	ホステス	2017/3/11 22:00	
71	人妻	奥様	2017/3/11 22:00	
72	新妻	奥様	2017/3/11 22:00	
73	若妻	奥様	2017/3/11 22:00	
74	団地妻	奥様	2017/3/11 22:00	
75	奥さん	奥様	2017/3/11 22:00	
76	教師	教員	2017/3/11 22:00	
77	ｷﾞｬﾙ	ＧＡＬ	2017/3/11 22:00	
78	看護婦	ナース	2017/3/11 22:00	
79	看護師	ナース	2017/3/11 22:00	
80	家政婦	お手伝いさん	2017/3/11 22:00	
81	熟女	オバサン	2017/3/11 22:00	
82	おばさん	オバサン	2017/3/11 22:00	
83	おばちゃん	オバサン	2017/3/11 22:00	
84	ババア	オバサン	2017/3/11 22:00	
85	ﾊﾞﾊﾞｱ	オバサン	2017/3/11 22:00	
86	女子校生	ＪＫ	2017/3/11 22:00	
87	女子高生	ＪＫ	2017/3/11 22:00	
88	高校生	学生	2017/3/11 22:00	
89	セーラー服	学生服	2017/3/11 22:00	
90	ブレザー	学生服	2017/3/11 22:00	
91	ｾｰﾗｰ服	学生服	2017/3/11 22:00	
92	ﾌﾞﾚｻﾞｰ	学生服	2017/3/11 22:00	
93	レースクイーン	ＲＱ	2017/3/11 22:00	
94	ﾚｰｽｸｲｰﾝ	ＲＱ	2017/3/11 22:00	
95	ＯＬ	オフィスレディ	2017/3/11 22:00	
96	OL	オフィスレディ	2017/3/11 22:00	
97	ロリ娘	ロリっ子	2017/3/11 22:00	
98	ﾛﾘ娘	ロリっ子	2017/3/11 22:00	
99	ロリっこ	ロリっ子	2017/3/11 22:00	
100	ロリ少女	ロリっ子	2017/3/11 22:00	
101	ロリ美少女	ロリっ子	2017/3/11 22:00	
102	ﾛﾘ少女	ロリっ子	2017/3/11 22:00	
103	ﾛﾘ美少女	ロリっ子	2017/3/11 22:00	
104	ロリ系	ロリータ系	2017/3/11 22:00	
105	ﾛﾘ系	ロリータ系	2017/3/11 22:00	
106	ロリフェイス	童顔	2017/3/11 22:00	
107	ロリ顔	童顔	2017/3/11 22:00	
108	ベビーフェイス	童顔	2017/3/11 22:00	
109	ﾛﾘﾌｪｲｽ	童顔	2017/3/11 22:00	
110	ﾛﾘ顔	童顔	2017/3/11 22:00	
111	ﾍﾞﾋﾞｰﾌｪｲｽ	童顔	2017/3/11 22:00	
112	ロリ声	ロリボイス	2017/3/11 22:00	
113	ﾛﾘ声	ロリボイス	2017/3/11 22:00	
114	ロリコン	ロリータコンプレックス	2017/3/11 22:00	
115	ﾛﾘｺﾝ	ロリータコンプレックス	2017/3/11 22:00	
116	ロリ体型	幼児体型	2017/3/11 22:00	
117	ﾚｽﾞﾋﾞｱﾝ	レズ	2017/3/11 22:00	
118	レズビアン	レズ	2017/3/11 22:00	
119	母親	お母さん	2017/3/11 22:00	
120	女子大生	ＪＤ	2017/3/11 22:00	
121	女子大学生	ＪＤ	2017/3/11 22:00	
122	モデル	デルモ	2017/3/11 22:00	
123	ﾓﾃﾞﾙ	デルモ	2017/3/11 22:00	
124	スリム	細身	2017/3/11 22:00	
125	ｽﾘﾑ	細身	2017/3/11 22:00	
126	スレンダー	華奢	2017/3/11 22:00	
127	ｽﾚﾝﾀﾞｰ	華奢	2017/3/11 22:00	
128	責め	攻め	2017/3/11 22:00	
129	淫語	陰語	2017/3/11 22:00	
130	小便	オシッコ	2017/3/11 22:00	
131	放尿	排尿	2017/3/11 22:00	
132	イラマチオ	ディープスロート	2017/3/11 22:00	
133	イマラチオ	ディープスロート	2017/3/11 22:00	
134	ｲﾗﾏﾁｵ	ディープスロート	2017/3/11 22:00	
135	ｲﾏﾗﾁｵ	ディープスロート	2017/3/11 22:00	
136	中出し	膣内射精	2017/3/11 22:00	
137	マン射	膣内射精	2017/3/11 22:00	
138	ﾏﾝ射	膣内射精	2017/3/11 22:00	
139	指マン	手まん	2017/3/11 22:00	
140	指まん	手まん	2017/3/11 22:00	
141	指ﾏﾝ	手まん	2017/3/11 22:00	
142	手マン	手まん	2017/3/11 22:00	
143	手ﾏﾝ	手まん	2017/3/11 22:00	
144	足コキ	脚こき	2017/3/11 22:00	
145	足こき	脚こき	2017/3/11 22:00	
146	足ｺｷ	脚こき	2017/3/11 22:00	
147	脚コキ	脚こき	2017/3/11 22:00	
148	脚ｺｷ	脚こき	2017/3/11 22:00	
149	悪戯	イタズラ	2017/3/11 22:00	
150	猿轡	ボールギャグ	2017/3/11 22:00	
151	緊縛	拘束	2017/3/11 22:00	
152	アナル	アヌス	2017/3/11 22:00	
153	ｱﾅﾙ	アヌス	2017/3/11 22:00	
154	肛門	アヌス	2017/3/11 22:00	
155	ロウソク	蠟燭	2017/3/11 22:00	
156	ろうそく	蠟燭	2017/3/11 22:00	
157	ﾛｳｿｸ	蠟燭	2017/3/11 22:00	
158	騎乗位	女性上位	2017/3/11 22:00	
159	オナニー	自慰行為	2017/3/11 22:00	
160	ｵﾅﾆｰ	自慰行為	2017/3/11 22:00	
161	バック	後背位	2017/3/11 22:00	
162	ﾊﾞｯｸ	後背位	2017/3/11 22:00	
163	シックスナイン	69	2017/3/11 22:00	
164	ｼｯｸｽﾅｲﾝ	69	2017/3/11 22:00	
165	キス	チュウ	2017/3/11 22:00	
166	ｷｽ	チュウ	2017/3/11 22:00	
167	ｷｯｽ	チュウ	2017/3/11 22:00	
168	ｋｉｓｓ	チュウ	2017/3/11 22:00	
169	ＫＩＳＳ	チュウ	2017/3/11 22:00	
170	kiss	チュウ	2017/3/11 22:00	
171	Kiss	チュウ	2017/3/11 22:00	
172	KISS	チュウ	2017/3/11 22:00	
173	Ｋｉｓｓ	チュウ	2017/3/11 22:00	
174	潮吹	潮噴	2017/3/11 22:00	
175	顔面騎乗位	顔騎	2017/3/11 22:00	
176	発射	射精	2017/3/11 22:00	
177	職場	仕事場	2017/3/11 22:00	
178	ホテル	Ｈｏｔｅｌ	2017/3/11 22:00	
179	ﾎﾃﾙ	Ｈｏｔｅｌ	2017/3/11 22:00	
180	ﾏｼﾞｯｸﾐﾗｰ号	ＭＭ号	2017/3/11 22:00	
181	マジックミラー号	ＭＭ号	2017/3/11 22:00	
182	ＳＥＸ	セックス	2017/3/11 22:00	
183	セクロス	セックス	2017/3/11 22:00	
184	SEX	セックス	2017/3/11 22:00	
185	ｾｸﾛｽ	セックス	2017/3/11 22:00	
186	セックル	セックス	2017/3/11 22:00	
187	ｾｯｸﾙ	セックス	2017/3/11 22:00	
188	個人撮影	個撮	2017/3/11 22:00	
189	お風呂	バスルーム	2017/3/11 22:00	
190	義父	義理の父	2017/3/11 22:00	
191	義母	義理の母	2017/3/11 22:00	
192	義兄	義理の兄	2017/3/11 22:00	
193	義弟	義理の弟	2017/3/11 22:00	
194	義姉	義理の姉	2017/3/11 22:00	
195	義妹	義理の妹	2017/3/11 22:00	
196	不倫	浮気	2017/3/11 22:00	
197	レイプ	強姦	2017/3/11 22:00	
198	ﾚｲﾌﾟ	強姦	2017/3/11 22:00	
199	陵辱	凌辱	2017/3/11 22:00	
200	漫画喫茶	漫喫	2017/3/11 22:00	
201	ビーチ	浜辺	2017/3/11 22:00	
202	ﾋﾞｰﾁ	浜辺	2017/3/11 22:00	
203	砂浜	浜辺	2017/3/11 22:00	
204	海水浴場	浜辺	2017/3/11 22:00	
205	海辺	浜辺	2017/3/11 22:00	
206	盗撮	隠し撮り	2017/3/11 22:00	
207	トイレ	お手洗い	2017/3/11 22:00	
208	ﾄｲﾚ	お手洗い	2017/3/11 22:00	
209	化粧室	お手洗い	2017/3/11 22:00	
210	便所	お手洗い	2017/3/11 22:00	
211	スク水	スクール水着	2017/3/11 22:00	
212	ｽｸ水	スクール水着	2017/3/11 22:00	
213	下着	ランジェリー	2017/3/11 22:00	
214	パイパン	ツルマン	2017/3/11 22:00	
215	ﾊﾟｲﾊﾟﾝ	ツルマン	2017/3/11 22:00	
216	ペニバン	ペニスバンド	2017/3/11 22:00	
217	ﾍﾟﾆﾊﾞﾝ	ペニスバンド	2017/3/11 22:00	
218	体操着	体操服	2017/3/11 22:00	
219	ショートカット	ショートヘア	2017/3/11 22:00	
220	ｼｮｰﾄｶｯﾄ	ショートヘア	2017/3/11 22:00	
221	Ｍ男	エム男	2017/3/11 22:00	
222	M男	エム男	2017/3/11 22:00	
223	Ｓ男	エス男	2017/3/11 22:00	
224	S男	エス男	2017/3/11 22:00	
225	外人	外国人	2017/3/11 22:00	
226	女子マネージャー	女マネ	2017/3/11 22:00	
227	女子ﾏﾈｰｼﾞｬｰ	女マネ	2017/3/11 22:00	
228	サングラス	グラサン	2017/3/11 22:00	
229	ｻﾝｸﾞﾗｽ	グラサン	2017/3/11 22:00	
230	メガネ	眼鏡	2017/3/11 22:00	
231	めがね	眼鏡	2017/3/11 22:00	
232	ﾒｶﾞﾈ	眼鏡	2017/3/11 22:00	
233	絶頂	アクメ	2017/3/11 22:00	
234	オーガズム	アクメ	2017/3/11 22:00	
235	オルガスム	アクメ	2017/3/11 22:00	
236	ｵｰｶﾞｽﾞﾑ	アクメ	2017/3/11 22:00	
237	ｵﾙｶﾞｽﾑ	アクメ	2017/3/11 22:00	
238	童貞	ＤＴ	2017/3/11 22:00	
239	チェリーボーイ	ＤＴ	2017/3/11 22:00	
240	ﾁｪﾘｰﾎﾞｰｲ	ＤＴ	2017/3/11 22:00	
241	パンスト	パンティストッキング	2017/3/11 22:00	
242	ﾊﾟﾝｽﾄ	パンティストッキング	2017/3/11 22:00	
243	ナイスバディ	エロボディ	2017/3/11 22:00	
244	ナイスボディ	エロボディ	2017/3/11 22:00	
245	ﾅｲｽﾊﾞﾃﾞｨ	エロボディ	2017/3/11 22:00	
246	ﾅｲｽﾎﾞﾃﾞｨ	エロボディ	2017/3/11 22:00	
247	グラマー	グラマラス	2017/3/11 22:00	
248	ｸﾞﾗﾏｰ	グラマラス	2017/3/11 22:00	
249	処女	ヴァージン	2017/3/11 22:00	
250	黒髪	黒い髪	2017/3/11 22:00	
251	茶髪	茶色の髪	2017/3/11 22:00	
252	ちんぽ	ペニス	2017/3/11 22:00	
253	チンポ	ペニス	2017/3/11 22:00	
254	ちんこ	ペニス	2017/3/11 22:00	
255	チンコ	ペニス	2017/3/11 22:00	
256	チ○ポ	ペニス	2017/3/11 22:00	
257	チン◯	ペニス	2017/3/11 22:00	
258	肉棒	ペニス	2017/3/11 22:00	
259	男根	ペニス	2017/3/11 22:00	
260	男性器	ペニス	2017/3/11 22:00	
261	ポコチン	ペニス	2017/3/11 22:00	
262	ﾁﾝﾎﾟ	ペニス	2017/3/11 22:00	
263	ﾁﾝｺ	ペニス	2017/3/11 22:00	
264	ﾁ○ﾎﾟ	ペニス	2017/3/11 22:00	
265	ﾁﾝ◯	ペニス	2017/3/11 22:00	
266	ﾎﾟｺﾁﾝ	ペニス	2017/3/11 22:00	
267	おまんこ	アソコ	2017/3/11 22:00	
268	オマ○コ	アソコ	2017/3/11 22:00	
269	オマンコ	アソコ	2017/3/11 22:00	
270	女性器	アソコ	2017/3/11 22:00	
271	オマン◯	アソコ	2017/3/11 22:00	
272	ｵﾏ○ｺ	アソコ	2017/3/11 22:00	
273	ｵﾏﾝｺ	アソコ	2017/3/11 22:00	
274	ｵﾏﾝ◯	アソコ	2017/3/11 22:00	
275	ｵﾏﾝ◯	アソコ	2017/3/11 22:00	
276	チン毛	陰毛	2017/3/11 22:00	
277	マン毛	陰毛	2017/3/11 22:00	
278	ちん毛	陰毛	2017/3/11 22:00	
279	まん毛	陰毛	2017/3/11 22:00	
280	チンゲ	陰毛	2017/3/11 22:00	
281	マンゲ	陰毛	2017/3/11 22:00	
282	アソコの毛	陰毛	2017/3/11 22:00	
283	ﾁﾝ毛	陰毛	2017/3/11 22:00	
284	ﾏﾝ毛	陰毛	2017/3/11 22:00	
285	ﾁﾝｹﾞ	陰毛	2017/3/11 22:00	
286	ﾏﾝｹﾞ	陰毛	2017/3/11 22:00	
287	ｱｿｺの毛	陰毛	2017/3/11 22:00	
288	マジ	本気	2017/3/11 22:00	
289	ガチ	本気	2017/3/11 22:00	
290	ﾏｼﾞ	本気	2017/3/11 22:00	
291	ｶﾞﾁ	本気	2017/3/11 22:00	
292	溢れ	こぼれ	2017/3/11 22:00	
293	精子	ザーメン	2017/3/11 22:00	
294	精液	ザーメン	2017/3/11 22:00	
295	コンドーム	ゴム	2017/3/11 22:00	
296	スキン	ゴム	2017/3/11 22:00	
297	ｺﾝﾄﾞｰﾑ	ゴム	2017/3/11 22:00	
298	ｽｷﾝ	ゴム	2017/3/11 22:00	
299	むちむち	ムッチリ	2017/3/11 22:00	
300	ムチムチ	ムッチリ	2017/3/11 22:00	
301	むっちむち	ムッチリ	2017/3/11 22:00	
302	ムッチムチ	ムッチリ	2017/3/11 22:00	
303	ﾑﾁﾑﾁ	ムッチリ	2017/3/11 22:00	
304	ﾑｯﾁﾑﾁ	ムッチリ	2017/3/11 22:00	
305	むっちり	ムッチリ	2017/3/11 22:00	
306	テカテカ	てっかてか	2017/3/11 22:00	
307	てかてか	てっかてか	2017/3/11 22:00	
308	ﾃｶﾃｶ	てっかてか	2017/3/11 22:00	
309	テッカテカ	てっかてか	2017/3/11 22:00	
310	ﾃｯｶﾃｶ	てっかてか	2017/3/11 22:00	
311	ヌルヌル	ニュルニュル	2017/3/11 22:00	
312	ぬるぬる	ニュルニュル	2017/3/11 22:00	
313	ﾇﾙﾇﾙ	ニュルニュル	2017/3/11 22:00	
314	ぬっるぬる	ニュルニュル	2017/3/11 22:00	
315	ぬるっぬる	ニュルニュル	2017/3/11 22:00	
316	にゅるにゅる	ニュルニュル	2017/3/11 22:00	
317	！	。	2017/3/11 22:00	
318	!	。	2017/3/11 22:00	
319	♪	。	2017/3/11 22:00	
320	少し	ちょっと	2017/3/11 22:00	
321	船上	船の上	2017/3/11 22:00	
322	交互に	順番に	2017/3/11 22:00	
323	愛液	マン汁	2017/3/11 22:00	
324	男子生徒	男の生徒	2017/3/11 22:00	
325	夫	旦那	2017/3/11 22:00	
326	全裸	素っ裸	2017/3/11 22:00	
327	オヤジ	ジジイ	2017/3/11 22:00	
328	おやじ	ジジイ	2017/3/11 22:00	
329	ｵﾔｼﾞ	ジジイ	2017/3/11 22:00	
330	親父	ジジイ	2017/3/11 22:00	
331	ゲーム	ＧＡＭＥ	2017/3/11 22:00	
332	ｹﾞｰﾑ	ＧＡＭＥ	2017/3/11 22:00	
333	ピンク	ＰＩＮＫ	2017/3/11 22:00	
334	ﾋﾟﾝｸ	ＰＩＮＫ	2017/3/11 22:00	
335	Ｓっ気	サドっ気	2017/3/11 22:00	
336	Sっ気	サドっ気	2017/3/11 22:00	
337	Ｓッ気	サドっ気	2017/3/11 22:00	
338	Sｯ気	サドっ気	2017/3/11 22:00	
339	Ｓ気質	サドっ気	2017/3/11 22:00	
340	S気質	サドっ気	2017/3/11 22:00	
341	Ｍっ気	マゾっ気	2017/3/11 22:00	
342	Mっ気	マゾっ気	2017/3/11 22:00	
343	Ｍッ気	マゾっ気	2017/3/11 22:00	
344	Mｯ気	マゾっ気	2017/3/11 22:00	
345	Ｍ気質	マゾっ気	2017/3/11 22:00	
346	M気質	マゾっ気	2017/3/11 22:00	
347	セクシー	色気抜群	2017/3/11 22:00	
348	ｾｸｼｰ	色気抜群	2017/3/11 22:00	
349	リビング	居間	2017/3/11 22:00	
350	ﾘﾋﾞﾝｸﾞ	居間	2017/3/11 22:00	
351	キッチン	台所	2017/3/11 22:00	
352	ｷｯﾁﾝ	台所	2017/3/11 22:00	
353	揉みしだく	揉みまくる	2017/3/11 22:00	
354	初めての	初の	2017/3/11 22:00	
355	尻	ケツ	2017/3/11 22:00	
356	従兄	親戚	2017/3/11 22:00	
357	従弟	親戚	2017/3/11 22:00	
358	従兄弟	親戚	2017/3/11 22:00	
359	従姉	親戚	2017/3/11 22:00	
360	従妹	親戚	2017/3/11 22:00	
361	従姉妹	親戚	2017/3/11 22:00	
362	従兄妹	親戚	2017/3/11 22:00	
363	従姉弟	親戚	2017/3/11 22:00	
364	ＦＵＣＫ	ファック	2017/3/11 22:00	
365	Ｆｕｃｋ	ファック	2017/3/11 22:00	
366	FUCK	ファック	2017/3/11 22:00	
367	Fuck	ファック	2017/3/11 22:00	
368	ｆｕｃｋ	ファック	2017/3/11 22:00	
369	fuck	ファック	2017/3/11 22:00	
370	チェーン	鎖	2017/3/11 22:00	
371	ﾁｪｰﾝ	鎖	2017/3/11 22:00	
372	主観	カメラ目線	2017/3/11 22:00	
373	公開	お披露目	2017/3/11 22:00	
374	次々と	続々と	2017/3/11 22:00	
375	スケスケ	透け透け	2017/3/11 22:00	
376	ｽｹｽｹ	透け透け	2017/3/11 22:00	
377	透明	透け透け	2017/3/11 22:00	
378	エロス	エロティズム	2017/3/11 22:00	
379	ｴﾛｽ	エロティズム	2017/3/11 22:00	
380	クリトリス	クリちゃん	2017/3/11 22:00	
381	ｸﾘﾄﾘｽ	クリちゃん	2017/3/11 22:00	
382	複数	多数	2017/3/11 22:00	
383	大勢	多数	2017/3/11 22:00	
384	沢山	多数	2017/3/11 22:00	
385	１８歳	１８才	2017/3/11 22:00	
386	18歳	１８才	2017/3/11 22:00	
387	１９歳	１９才	2017/3/11 22:00	
388	19歳	１９才	2017/3/11 22:00	
389	２０歳	２０才	2017/3/11 22:00	
390	20歳	２０才	2017/3/11 22:00	
391	２１歳	２１才	2017/3/11 22:00	
392	21歳	２１才	2017/3/11 22:00	
393	２２歳	２２才	2017/3/11 22:00	
394	22歳	２２才	2017/3/11 22:00	
395	２３歳	２３才	2017/3/11 22:00	
396	23歳	２３才	2017/3/11 22:00	
397	２４歳	２４才	2017/3/11 22:00	
398	24歳	２４才	2017/3/11 22:00	
399	２５歳	２５才	2017/3/11 22:00	
400	25歳	２５才	2017/3/11 22:00	
401	２６歳	２６才	2017/3/11 22:00	
402	26歳	２６才	2017/3/11 22:00	
403	２７歳	２７才	2017/3/11 22:00	
404	27歳	２７才	2017/3/11 22:00	
405	２８歳	２８才	2017/3/11 22:00	
406	28歳	２８才	2017/3/11 22:00	
407	２９歳	２９才	2017/3/11 22:00	
408	29歳	２９才	2017/3/11 22:00	
409	３０歳	３０才	2017/3/11 22:00	
410	30歳	３０才	2017/3/11 22:00	
411	３１歳	３１才	2017/3/11 22:00	
412	31歳	３１才	2017/3/11 22:00	
413	３２歳	３２才	2017/3/11 22:00	
414	32歳	３２才	2017/3/11 22:00	
415	３３歳	３３才	2017/3/11 22:00	
416	33歳	３３才	2017/3/11 22:00	
417	３４歳	３４才	2017/3/11 22:00	
418	34歳	３４才	2017/3/11 22:00	
419	３５歳	３５才	2017/3/11 22:00	
420	35歳	３５才	2017/3/11 22:00	
421	３６歳	３６才	2017/3/11 22:00	
422	36歳	３６才	2017/3/11 22:00	
423	３７歳	３７才	2017/3/11 22:00	
424	37歳	３７才	2017/3/11 22:00	
425	３８歳	３８才	2017/3/11 22:00	
426	38歳	３８才	2017/3/11 22:00	
427	３９歳	３９才	2017/3/11 22:00	
428	39歳	３９才	2017/3/11 22:00	
429	４０歳	４０才	2017/3/11 22:00	
430	40歳	４０才	2017/3/11 22:00	
431	４１歳	４１才	2017/3/11 22:00	
432	41歳	４１才	2017/3/11 22:00	
433	４２歳	４２才	2017/3/11 22:00	
434	42歳	４２才	2017/3/11 22:00	
435	４３歳	４３才	2017/3/11 22:00	
436	43歳	４３才	2017/3/11 22:00	
437	４４歳	４４才	2017/3/11 22:00	
438	44歳	４４才	2017/3/11 22:00	
439	４５歳	４５才	2017/3/11 22:00	
440	45歳	４５才	2017/3/11 22:00	
441	４６歳	４６才	2017/3/11 22:00	
442	46歳	４６才	2017/3/11 22:00	
443	４７歳	４７才	2017/3/11 22:00	
444	47歳	４７才	2017/3/11 22:00	
445	４８歳	４８才	2017/3/11 22:00	
446	48歳	４８才	2017/3/11 22:00	
447	４９歳	４９才	2017/3/11 22:00	
448	49歳	４９才	2017/3/11 22:00	
449	５０歳	５０才	2017/3/11 22:00	
450	50歳	５０才	2017/3/11 22:00	
451	５１歳	５１才	2017/3/11 22:00	
452	51歳	５１才	2017/3/11 22:00	
453	５２歳	５２才	2017/3/11 22:00	
454	52歳	５２才	2017/3/11 22:00	
455	５３歳	５３才	2017/3/11 22:00	
456	53歳	５３才	2017/3/11 22:00	
457	５４歳	５４才	2017/3/11 22:00	
458	54歳	５４才	2017/3/11 22:00	
459	５５歳	５５才	2017/3/11 22:00	
460	55歳	５５才	2017/3/11 22:00	
461	５６歳	５６才	2017/3/11 22:00	
462	56歳	５６才	2017/3/11 22:00	
463	５７歳	５７才	2017/3/11 22:00	
464	57歳	５７才	2017/3/11 22:00	
465	５８歳	５８才	2017/3/11 22:00	
466	58歳	５８才	2017/3/11 22:00	
467	５９歳	５９才	2017/3/11 22:00	
468	59歳	５９才	2017/3/11 22:00	
469	６０歳	６０才	2017/3/11 22:00	
470	60歳	６０才	2017/3/11 22:00	
471	ルックス	見た目	2017/3/11 22:00	
472	ﾙｯｸｽ	見た目	2017/3/11 22:00	
473	フェラチオ	フェラ	2017/3/11 22:00	
474	ﾌｪﾗﾁｵ	フェラ	2017/3/11 22:00	
475	クンニリングス	クンニ	2017/3/11 22:00	
476	ｸﾝﾆﾘﾝｸﾞｽ	クンニ	2017/3/11 22:00	
477	全部	全て	2017/3/11 22:00	
478	野外	屋外	2017/3/11 22:00	
479	ビンビン	ギンギン	2017/3/11 22:00	
480	びんびん	ギンギン	2017/3/11 22:00	
481	ﾋﾞﾝﾋﾞﾝ	ギンギン	2017/3/11 22:00	
482	性奴隷	肉便器	2017/3/11 22:00	
483	最後	ラスト	2017/3/11 22:00	
484	OK	オッケー	2017/3/11 22:00	
485	OK	オッケー	2017/3/11 22:00	
486	オーケー	オッケー	2017/3/11 22:00	
487	ｵｰｹｰ	オッケー	2017/3/11 22:00	
488	愛撫	ペッティング	2017/3/11 22:00	
489	テクニック	テク	2017/3/11 22:00	
490	ﾃｸﾆｯｸ	テク	2017/3/11 22:00	
491	ご奉仕	サービス	2017/3/11 22:00	
492	御奉仕	サービス	2017/3/11 22:00	
493	任務	ミッション	2017/3/11 22:00	
494	三つ編み	おさげ	2017/3/11 22:00	
495	清楚	清純	2017/3/11 22:00	
496	上品	清純	2017/3/11 22:00	
497	じゅぼ	ジュポ	2017/3/11 22:00	
498	ジュボ	ジュポ	2017/3/11 22:00	
499	ｼﾞｭﾎﾞ	ジュポ	2017/3/11 22:00	
500	銭湯	公衆浴場	2017/3/11 22:00	
501	リモコンバイブ	とびっ子	2017/3/11 22:00	
502	リモバイ	とびっ子	2017/3/11 22:00	
503	ﾘﾓｺﾝﾊﾞｲﾌﾞ	とびっ子	2017/3/11 22:00	
504	ﾘﾓﾊﾞｲ	とびっ子	2017/3/11 22:00	
505	玩具	オモチャ	2017/3/11 22:00	
506	アダルトグッズ	オモチャ	2017/3/11 22:00	
507	ｱﾀﾞﾙﾄｸﾞｯｽﾞ	オモチャ	2017/3/11 22:00	
508	スタイル	ボディライン	2017/3/11 22:00	
509	ｽﾀｲﾙ	ボディライン	2017/3/11 22:00	
510	我慢	ガマン	2017/3/11 22:00	
511	超絶	スーパー	2017/3/11 22:00	
512	スペシャル	ＳＰＥＣＩＡＬ	2017/3/11 22:00	
513	ｽﾍﾟｼｬﾙ	ＳＰＥＣＩＡＬ	2017/3/11 22:00	
514	綺麗	キレイ	2017/3/11 22:00	
515	更衣室	ロッカールーム	2017/3/11 22:00	
516	脱衣所	脱衣場	2017/3/11 22:00	
517	撮影会	撮影イベント	2017/3/11 22:00	
518	椅子	イス	2017/3/11 22:00	
519	お金	現金	2017/3/11 22:00	
520	大金	現金	2017/3/11 22:00	
521	謝礼	現金	2017/3/11 22:00	
522	Ｎｏ	ノー	2017/3/11 22:00	
523	ＮＯ	ノー	2017/3/11 22:00	
524	No	ノー	2017/3/11 22:00	
525	NO	ノー	2017/3/11 22:00	
526	Ｙｅｓ	イエス	2017/3/11 22:00	
527	ＹＥＳ	イエス	2017/3/11 22:00	
528	Yes	イエス	2017/3/11 22:00	
529	YES	イエス	2017/3/11 22:00	
530	勃起	ぼっき	2017/3/11 22:00	
531	ＥＤ	インポ	2017/3/11 22:00	
532	ED	インポ	2017/3/11 22:00	
533	インポテンツ	インポ	2017/3/11 22:00	
534	ｲﾝﾎﾟﾃﾝﾂ	インポ	2017/3/11 22:00	
535	従順	忠実	2017/3/11 22:00	
536	大人	オトナ	2017/3/11 22:00	
537	ハンパない	物凄い	2017/3/11 22:00	
538	半端ない	物凄い	2017/3/11 22:00	
539	ﾊﾝﾊﾟない	物凄い	2017/3/11 22:00	
540	ビッチ	BITCH	2017/3/11 22:00	
541	ﾋﾞｯﾁ	BITCH	2017/3/11 22:00	
542	ヤリマン	BITCH	2017/3/11 22:00	
543	ﾔﾘﾏﾝ	BITCH	2017/3/11 22:00	
544	ミニスカート	ミニスカ	2017/3/11 22:00	
545	ﾐﾆｽｶｰﾄ	ミニスカ	2017/3/11 22:00	
546	ニーソックス	ニーソ	2017/3/11 22:00	
547	ﾆｰｿｯｸｽ	ニーソ	2017/3/11 22:00	
548	ドＳ	ドエス	2017/3/11 22:00	
549	ﾄﾞS	ドエス	2017/3/11 22:00	
550	ドＭ	ドエム	2017/3/11 22:00	
551	ﾄﾞM	ドエム	2017/3/11 22:00	
552	自ら	自分から	2017/3/11 22:00	
553	濃厚	濃密	2017/3/11 22:00	
554	想像	イメージ	2017/3/11 22:00	
555	乱交	グループセックス	2017/3/11 22:00	
556	抜群	完璧	2017/3/11 22:00	
557	AV女優	セクシー女優	2017/3/11 22:00	
558	友達	友人	2017/3/11 22:00	
559	結合部	挿入部	2017/3/11 22:00	
560	丸見	モロ見	2017/3/11 22:00	
561	マル見	モロ見	2017/3/11 22:00	
562	ﾏﾙ見	モロ見	2017/3/11 22:00	
563	ハメ倒	ヤリ倒	2017/3/11 22:00	
564	ﾊﾒ倒	ヤリ倒	2017/3/11 22:00	
565	調教	お仕置き	2017/3/11 22:00	
566	天使	エンジェル	2017/3/11 22:00	
567	ドア	扉	2017/3/11 22:00	
568	ﾄﾞｱ	扉	2017/3/11 22:00	
569	襖	扉	2017/3/11 22:00	
570	衾	扉	2017/3/11 22:00	
571	ふすま	扉	2017/3/11 22:00	
572	とびら	扉	2017/3/11 22:00	
573	トビラ	扉	2017/3/11 22:00	
574	ﾄﾋﾞﾗ	扉	2017/3/11 22:00	
575	エステティシャン	セラピスト	2017/3/11 22:00	
576	施術師	セラピスト	2017/3/11 22:00	
577	マッサージ師	セラピスト	2017/3/11 22:00	
578	ｴｽﾃﾃｨｼｬﾝ	セラピスト	2017/3/11 22:00	
579	ﾏｯｻｰｼﾞ師	セラピスト	2017/3/11 22:00	
580	フェラ抜き	フェラチオ抜き	2017/3/11 22:00	
581	ﾌｪﾗ抜き	フェラチオ抜き	2017/3/11 22:00	
582	FC2	◆	2017/3/11 22:00	
583	ｴｯﾁ	Ｈ	2017/3/11 22:00	
584	カラダ	ボディ	2017/3/11 22:00	
585	ｶﾗﾀﾞ	ボディ	2017/3/11 22:00	
586	卑猥	淫猥	2017/3/11 22:00	
587	涎	ヨダレ	2017/3/11 22:00	
588	アパレル	服飾	2017/3/11 22:00	
589	よだれ	ヨダレ	2017/3/11 22:00	
590	ｱﾊﾟﾚﾙ	服飾	2017/3/11 22:00	
591	ママドル	母親タレント	2017/3/11 22:00	
592	ﾏﾏﾄﾞﾙ	母親タレント	2017/3/11 22:00	
593	淫乱	どスケベ	2017/3/11 22:00	
594	ガン突き	激突き	2017/3/11 22:00	
595	ｶﾞﾝ突き	激突き	2017/3/11 22:00	
596	＆	ａｎｄ	2017/3/11 22:00	
597	&	ａｎｄ	2017/3/11 22:00	
598	ブラジャー	ブラ	2017/3/11 22:00	
599	ﾌﾞﾗｼﾞｬｰ	ブラ	2017/3/11 22:00	
600	変態	ヘンタイ	2017/3/11 22:00	
601	大量の	凄い量の	2017/3/11 22:00	
602	電マ	電気アンマ	2017/3/11 22:00	
603	電ﾏ	電気アンマ	2017/3/11 22:00	
604	高速	超速	2017/3/11 22:00	
605	強要	無理強い	2017/3/11 22:00	
606	海外	外国	2017/3/11 22:00	
607	必見	オススメ	2017/3/11 22:00	
608	高学歴	温室育ち	2017/3/11 22:00	
609	生ハメ	ゴム無し挿入	2017/3/11 22:00	
610	生はめ	ゴム無し挿入	2017/3/11 22:00	
611	生ﾊﾒ	ゴム無し挿入	2017/3/11 22:00	
612	ナマ挿入	ゴム無し挿入	2017/3/11 22:00	
613	ﾅﾏ挿入	ゴム無し挿入	2017/3/11 22:00	
614	生挿入	ゴム無し挿入	2017/3/11 22:00	
615	ナマハメ	ゴム無し挿入	2017/3/11 22:00	
616	ﾅﾏﾊﾒ	ゴム無し挿入	2017/3/11 22:00	
617	エロエロ	どスケベ	2017/3/11 22:00	
618	♥	◆	2017/3/11 22:00	
619	【女性向けアダルト動画】	◆	2017/3/11 22:00	
620	☆	◆	2017/3/11 22:00	
621	【女性向け動画】	◆	2017/3/11 22:00	
622	【女性エロ動画】	◆	2017/3/11 22:00	
623	｜女性向けのエッチ動画	◆	2017/3/11 22:00	
624	♡	◆	2017/3/11 22:00	
625	ピストン	腰振り	2017/3/11 22:00	
626	ﾋﾟｽﾄﾝ	腰振り	2017/3/11 22:00	
627	【AV動画】	◆	2017/3/11 22:00	
628	シルクラボ	★	2017/3/11 22:00	
629	しるくらぼ	★	2017/3/11 22:00	
630	イケメン	色男	2017/3/11 22:00	
631	ｲｹﾒﾝ	色男	2017/3/11 22:00	
632	ベロチュウ	ディープキッス	2017/3/11 22:00	
633	ﾍﾞﾛﾁｭｳ	ディープキッス	2017/3/11 22:00	
634	ベロチュー	ディープキッス	2017/3/11 22:00	
635	ﾍﾞﾛﾁｭｰ	ディープキッス	2017/3/11 22:00	
636	激しく	豪快に	2017/3/11 22:00	
637	ねっとり	ねっちゃり	2017/3/11 22:00	
638	ベッド	布団	2017/3/11 22:00	
639	ﾍﾞｯﾄﾞ	布団	2017/3/11 22:00	
640	オープンカー	車	2017/3/11 22:00	
641	ｵｰﾌﾟﾝｶｰ	車	2017/3/11 22:00	
642	三十路	３０代	2017/3/11 22:00	
643	四十路	４０代	2017/3/11 22:00	
644	五十路	５０代	2017/3/11 22:00	
645	お姉さん	美女	2017/3/11 22:00	
646	女子生徒	女の生徒	2017/3/11 22:00	
647	ディルド	オモチャ	2017/3/11 22:00	
648	ﾃﾞｨﾙﾄﾞ	オモチャ	2017/3/11 22:00	
649	ローター	オモチャ	2017/3/11 22:00	
650	ﾛｰﾀｰ	オモチャ	2017/3/11 22:00	
651	ペニパン	ペニスバンド	2017/3/11 22:00	
652	ﾍﾟﾆﾊﾟﾝ	ペニスバンド	2017/3/11 22:00	
653	命令	指示	2017/3/11 22:00	
654	チンチン	ペニス	2017/3/11 22:00	
655	ﾁﾝﾁﾝ	ペニス	2017/3/11 22:00	
656	ちんちん	ペニス	2017/3/11 22:00	
657	極太	超太	2017/3/11 22:00	
658	xvideos	◆	2017/3/11 22:00	
659	【女性動画】	◆	2017/3/11 22:00	
660	エロビデオ	ＡＶ	2017/3/11 22:00	
661	ｴﾛﾋﾞﾃﾞｵ	ＡＶ	2017/3/11 22:00	
662	ケンカ	喧嘩	2017/3/11 22:00	
663	けんか	喧嘩	2017/3/11 22:00	
664	トレーニング	訓練	2017/3/11 22:00	
665	ｹﾝｶ	喧嘩	2017/3/11 22:00	
666	ﾄﾚｰﾆﾝｸﾞ	訓練	2017/3/11 22:00	
667	セクハラ	セクシャルハラスメント	2017/3/11 22:00	
668	ｾｸﾊﾗ	セクシャルハラスメント	2017/3/11 22:00	
669	彼氏	ボーイフレンド	2017/3/11 22:00	
670	彼女	ガールフレンド	2017/3/11 22:00	
671	( *´艸｀)	◆	2017/3/11 22:00	
672	女性向け無料アダルト動画	◆	2017/3/11 22:00	
673	女性のための無料アダルト動画AV	◆	2017/3/11 22:00	
674	XVIDEOS	◆	2017/3/11 22:00	
675	Xvideos	◆	2017/3/11 22:00	
676	[女性向け]	◆	2017/3/11 22:00	
677	高画質	◇	2017/3/11 22:00	
678	AV男優	男優さん	2017/3/11 22:00	
679	ＢＬ	ボーイズラブ	2017/3/11 22:00	
680	BL	ボーイズラブ	2017/3/11 22:00	
681	カップル	恋人同士	2017/3/11 22:00	
682	ｶｯﾌﾟﾙ	恋人同士	2017/3/11 22:00	
683	ジャニ系	ジャニーズ系	2017/3/11 22:00	
684	ｼﾞｬﾆ系	ジャニーズ系	2017/3/11 22:00	
685	【薄モザイク】	◆	2017/3/11 22:00	
686	【無修正】	◆	2017/3/11 22:00	
687	サラリーマン	リーマン	2017/3/11 22:00	
688	ｻﾗﾘｰﾏﾝ	リーマン	2017/3/11 22:00	
689	ヤンキー	不良	2017/3/11 22:00	
690	ﾔﾝｷｰ	不良	2017/3/11 22:00	
691	マッチョ	ムキムキ	2017/3/11 22:00	
692	ﾏｯﾁｮ	ムキムキ	2017/3/11 22:00	
693	オシャレ	シャレオツ	2017/3/11 22:00	
694	おしゃれ	シャレオツ	2017/3/11 22:00	
695	お洒落	シャレオツ	2017/3/11 22:00	
696	ホモ	ゲイ	2017/3/11 22:00	
697	ノンケ	のんけ	2017/3/11 22:00	
698	ワイシャツ	Ｙシャツ	2017/3/11 22:00	
699	ヒゲ	髭	2017/3/11 22:00	
700	【動画】	◆	2017/3/11 22:00	
701	【ライブチャット】	◆	2017/3/11 22:00	
702	【xHamster】	◆	2017/3/11 22:00	
703	| 無料エロ動画まとめオナヌキング	◆	2017/3/11 22:00	
704	【xhamster｜レズ】	◆	2017/3/11 22:00	
705	【xhamster｜美熟女】	◆	2017/3/11 22:00	
706	【xhamster｜巨乳】	◆	2017/3/11 22:00	
